"","id_pos","x","y","distancia","correct_x","correct_y","ap1","ap2","ap3","tempo"
"1",1,15,0,0,0,2,-65,-61,-54,524784
"2",1,15,3,0,0,2,-65,-61,-54,524784
"3",1,18,0,0,0,2,-65,-61,-54,524784
"4",1,18,3,0,0,2,-65,-61,-54,524784
"5",1,21,0,0,0,2,-65,-61,-54,524784
"6",1,21,3,0,0,2,-65,-61,-54,524784
"7",1,24,0,0,0,2,-65,-61,-54,524784
"8",1,24,3,0,0,2,-65,-61,-54,524784
"9",1,27,0,0,0,2,-65,-61,-54,524784
"10",1,27,3,0,0,2,-65,-61,-54,524784
"11",1,30,0,0,0,2,-65,-61,-54,524784
"12",1,30,3,0,0,2,-65,-61,-54,524784
"13",1,33,0,0,0,2,-65,-61,-54,524784
"14",1,33,3,0,0,2,-65,-61,-54,524784
"15",1,36,0,0,0,2,-65,-61,-54,524784
"16",1,36,3,0,0,2,-65,-61,-54,524784
"17",1,0,0,16.7332,0,2,-65,-61,-54,524784
"18",1,0,3,16.7332,0,2,-65,-61,-54,524784
"19",1,3,0,16.7332,0,2,-65,-61,-54,524784
"20",1,3,3,16.7332,0,2,-65,-61,-54,524784
"21",1,6,0,16.7332,0,2,-65,-61,-54,524784
"22",1,6,3,16.7332,0,2,-65,-61,-54,524784
"23",1,9,0,16.7332,0,2,-65,-61,-54,524784
"24",1,9,3,16.7332,0,2,-65,-61,-54,524784
"25",1,12,0,16.7332,0,2,-65,-61,-54,524784
"26",1,12,3,16.7332,0,2,-65,-61,-54,524784
"27",2,15,0,0,0,2,-65,-61,-54,524789
"28",2,15,3,0,0,2,-65,-61,-54,524789
"29",2,18,0,0,0,2,-65,-61,-54,524789
"30",2,18,3,0,0,2,-65,-61,-54,524789
"31",2,21,0,0,0,2,-65,-61,-54,524789
"32",2,21,3,0,0,2,-65,-61,-54,524789
"33",2,24,0,0,0,2,-65,-61,-54,524789
"34",2,24,3,0,0,2,-65,-61,-54,524789
"35",2,27,0,0,0,2,-65,-61,-54,524789
"36",2,27,3,0,0,2,-65,-61,-54,524789
"37",2,30,0,0,0,2,-65,-61,-54,524789
"38",2,30,3,0,0,2,-65,-61,-54,524789
"39",2,33,0,0,0,2,-65,-61,-54,524789
"40",2,33,3,0,0,2,-65,-61,-54,524789
"41",2,36,0,0,0,2,-65,-61,-54,524789
"42",2,36,3,0,0,2,-65,-61,-54,524789
"43",2,0,0,16.7332,0,2,-65,-61,-54,524789
"44",2,0,3,16.7332,0,2,-65,-61,-54,524789
"45",2,3,0,16.7332,0,2,-65,-61,-54,524789
"46",2,3,3,16.7332,0,2,-65,-61,-54,524789
"47",2,6,0,16.7332,0,2,-65,-61,-54,524789
"48",2,6,3,16.7332,0,2,-65,-61,-54,524789
"49",2,9,0,16.7332,0,2,-65,-61,-54,524789
"50",2,9,3,16.7332,0,2,-65,-61,-54,524789
"51",2,12,0,16.7332,0,2,-65,-61,-54,524789
"52",2,12,3,16.7332,0,2,-65,-61,-54,524789
"53",3,15,0,0,5,0,-65,-61,-54,524872
"54",3,15,3,0,5,0,-65,-61,-54,524872
"55",3,18,0,0,5,0,-65,-61,-54,524872
"56",3,18,3,0,5,0,-65,-61,-54,524872
"57",3,21,0,0,5,0,-65,-61,-54,524872
"58",3,21,3,0,5,0,-65,-61,-54,524872
"59",3,24,0,0,5,0,-65,-61,-54,524872
"60",3,24,3,0,5,0,-65,-61,-54,524872
"61",3,27,0,0,5,0,-65,-61,-54,524872
"62",3,27,3,0,5,0,-65,-61,-54,524872
"63",3,30,0,0,5,0,-65,-61,-54,524872
"64",3,30,3,0,5,0,-65,-61,-54,524872
"65",3,33,0,0,5,0,-65,-61,-54,524872
"66",3,33,3,0,5,0,-65,-61,-54,524872
"67",3,36,0,0,5,0,-65,-61,-54,524872
"68",3,36,3,0,5,0,-65,-61,-54,524872
"69",3,0,0,16.7332,5,0,-65,-61,-54,524872
"70",3,0,3,16.7332,5,0,-65,-61,-54,524872
"71",3,3,0,16.7332,5,0,-65,-61,-54,524872
"72",3,3,3,16.7332,5,0,-65,-61,-54,524872
"73",3,6,0,16.7332,5,0,-65,-61,-54,524872
"74",3,6,3,16.7332,5,0,-65,-61,-54,524872
"75",3,9,0,16.7332,5,0,-65,-61,-54,524872
"76",3,9,3,16.7332,5,0,-65,-61,-54,524872
"77",3,12,0,16.7332,5,0,-65,-61,-54,524872
"78",3,12,3,16.7332,5,0,-65,-61,-54,524872
"79",4,15,0,0,5,0,-65,-61,-54,524877
"80",4,15,3,0,5,0,-65,-61,-54,524877
"81",4,18,0,0,5,0,-65,-61,-54,524877
"82",4,18,3,0,5,0,-65,-61,-54,524877
"83",4,21,0,0,5,0,-65,-61,-54,524877
"84",4,21,3,0,5,0,-65,-61,-54,524877
"85",4,24,0,0,5,0,-65,-61,-54,524877
"86",4,24,3,0,5,0,-65,-61,-54,524877
"87",4,27,0,0,5,0,-65,-61,-54,524877
"88",4,27,3,0,5,0,-65,-61,-54,524877
"89",4,30,0,0,5,0,-65,-61,-54,524877
"90",4,30,3,0,5,0,-65,-61,-54,524877
"91",4,33,0,0,5,0,-65,-61,-54,524877
"92",4,33,3,0,5,0,-65,-61,-54,524877
"93",4,36,0,0,5,0,-65,-61,-54,524877
"94",4,36,3,0,5,0,-65,-61,-54,524877
"95",4,0,0,16.7332,5,0,-65,-61,-54,524877
"96",4,0,3,16.7332,5,0,-65,-61,-54,524877
"97",4,3,0,16.7332,5,0,-65,-61,-54,524877
"98",4,3,3,16.7332,5,0,-65,-61,-54,524877
"99",4,6,0,16.7332,5,0,-65,-61,-54,524877
"100",4,6,3,16.7332,5,0,-65,-61,-54,524877
"101",4,9,0,16.7332,5,0,-65,-61,-54,524877
"102",4,9,3,16.7332,5,0,-65,-61,-54,524877
"103",4,12,0,16.7332,5,0,-65,-61,-54,524877
"104",4,12,3,16.7332,5,0,-65,-61,-54,524877
"105",5,15,0,0,5,3,-65,-61,-54,524888
"106",5,15,3,0,5,3,-65,-61,-54,524888
"107",5,18,0,0,5,3,-65,-61,-54,524888
"108",5,18,3,0,5,3,-65,-61,-54,524888
"109",5,21,0,0,5,3,-65,-61,-54,524888
"110",5,21,3,0,5,3,-65,-61,-54,524888
"111",5,24,0,0,5,3,-65,-61,-54,524888
"112",5,24,3,0,5,3,-65,-61,-54,524888
"113",5,27,0,0,5,3,-65,-61,-54,524888
"114",5,27,3,0,5,3,-65,-61,-54,524888
"115",5,30,0,0,5,3,-65,-61,-54,524888
"116",5,30,3,0,5,3,-65,-61,-54,524888
"117",5,33,0,0,5,3,-65,-61,-54,524888
"118",5,33,3,0,5,3,-65,-61,-54,524888
"119",5,36,0,0,5,3,-65,-61,-54,524888
"120",5,36,3,0,5,3,-65,-61,-54,524888
"121",5,0,0,16.7332,5,3,-65,-61,-54,524888
"122",5,0,3,16.7332,5,3,-65,-61,-54,524888
"123",5,3,0,16.7332,5,3,-65,-61,-54,524888
"124",5,3,3,16.7332,5,3,-65,-61,-54,524888
"125",5,6,0,16.7332,5,3,-65,-61,-54,524888
"126",5,6,3,16.7332,5,3,-65,-61,-54,524888
"127",5,9,0,16.7332,5,3,-65,-61,-54,524888
"128",5,9,3,16.7332,5,3,-65,-61,-54,524888
"129",5,12,0,16.7332,5,3,-65,-61,-54,524888
"130",5,12,3,16.7332,5,3,-65,-61,-54,524888
"131",6,15,0,0,5,3,-65,-61,-54,524892
"132",6,15,3,0,5,3,-65,-61,-54,524892
"133",6,18,0,0,5,3,-65,-61,-54,524892
"134",6,18,3,0,5,3,-65,-61,-54,524892
"135",6,21,0,0,5,3,-65,-61,-54,524892
"136",6,21,3,0,5,3,-65,-61,-54,524892
"137",6,24,0,0,5,3,-65,-61,-54,524892
"138",6,24,3,0,5,3,-65,-61,-54,524892
"139",6,27,0,0,5,3,-65,-61,-54,524892
"140",6,27,3,0,5,3,-65,-61,-54,524892
"141",6,30,0,0,5,3,-65,-61,-54,524892
"142",6,30,3,0,5,3,-65,-61,-54,524892
"143",6,33,0,0,5,3,-65,-61,-54,524892
"144",6,33,3,0,5,3,-65,-61,-54,524892
"145",6,36,0,0,5,3,-65,-61,-54,524892
"146",6,36,3,0,5,3,-65,-61,-54,524892
"147",6,0,0,16.7332,5,3,-65,-61,-54,524892
"148",6,0,3,16.7332,5,3,-65,-61,-54,524892
"149",6,3,0,16.7332,5,3,-65,-61,-54,524892
"150",6,3,3,16.7332,5,3,-65,-61,-54,524892
"151",6,6,0,16.7332,5,3,-65,-61,-54,524892
"152",6,6,3,16.7332,5,3,-65,-61,-54,524892
"153",6,9,0,16.7332,5,3,-65,-61,-54,524892
"154",6,9,3,16.7332,5,3,-65,-61,-54,524892
"155",6,12,0,16.7332,5,3,-65,-61,-54,524892
"156",6,12,3,16.7332,5,3,-65,-61,-54,524892
"157",7,15,0,0,5,3,-65,-61,-54,524897
"158",7,15,3,0,5,3,-65,-61,-54,524897
"159",7,18,0,0,5,3,-65,-61,-54,524897
"160",7,18,3,0,5,3,-65,-61,-54,524897
"161",7,21,0,0,5,3,-65,-61,-54,524897
"162",7,21,3,0,5,3,-65,-61,-54,524897
"163",7,24,0,0,5,3,-65,-61,-54,524897
"164",7,24,3,0,5,3,-65,-61,-54,524897
"165",7,27,0,0,5,3,-65,-61,-54,524897
"166",7,27,3,0,5,3,-65,-61,-54,524897
"167",7,30,0,0,5,3,-65,-61,-54,524897
"168",7,30,3,0,5,3,-65,-61,-54,524897
"169",7,33,0,0,5,3,-65,-61,-54,524897
"170",7,33,3,0,5,3,-65,-61,-54,524897
"171",7,36,0,0,5,3,-65,-61,-54,524897
"172",7,36,3,0,5,3,-65,-61,-54,524897
"173",7,0,0,16.7332,5,3,-65,-61,-54,524897
"174",7,0,3,16.7332,5,3,-65,-61,-54,524897
"175",7,3,0,16.7332,5,3,-65,-61,-54,524897
"176",7,3,3,16.7332,5,3,-65,-61,-54,524897
"177",7,6,0,16.7332,5,3,-65,-61,-54,524897
"178",7,6,3,16.7332,5,3,-65,-61,-54,524897
"179",7,9,0,16.7332,5,3,-65,-61,-54,524897
"180",7,9,3,16.7332,5,3,-65,-61,-54,524897
"181",7,12,0,16.7332,5,3,-65,-61,-54,524897
"182",7,12,3,16.7332,5,3,-65,-61,-54,524897
"183",8,15,0,0,10,0,-65,-61,-54,524930
"184",8,15,3,0,10,0,-65,-61,-54,524930
"185",8,18,0,0,10,0,-65,-61,-54,524930
"186",8,18,3,0,10,0,-65,-61,-54,524930
"187",8,21,0,0,10,0,-65,-61,-54,524930
"188",8,21,3,0,10,0,-65,-61,-54,524930
"189",8,24,0,0,10,0,-65,-61,-54,524930
"190",8,24,3,0,10,0,-65,-61,-54,524930
"191",8,27,0,0,10,0,-65,-61,-54,524930
"192",8,27,3,0,10,0,-65,-61,-54,524930
"193",8,30,0,0,10,0,-65,-61,-54,524930
"194",8,30,3,0,10,0,-65,-61,-54,524930
"195",8,33,0,0,10,0,-65,-61,-54,524930
"196",8,33,3,0,10,0,-65,-61,-54,524930
"197",8,36,0,0,10,0,-65,-61,-54,524930
"198",8,36,3,0,10,0,-65,-61,-54,524930
"199",8,0,0,16.7332,10,0,-65,-61,-54,524930
"200",8,0,3,16.7332,10,0,-65,-61,-54,524930
"201",8,3,0,16.7332,10,0,-65,-61,-54,524930
"202",8,3,3,16.7332,10,0,-65,-61,-54,524930
"203",8,6,0,16.7332,10,0,-65,-61,-54,524930
"204",8,6,3,16.7332,10,0,-65,-61,-54,524930
"205",8,9,0,16.7332,10,0,-65,-61,-54,524930
"206",8,9,3,16.7332,10,0,-65,-61,-54,524930
"207",8,12,0,16.7332,10,0,-65,-61,-54,524930
"208",8,12,3,16.7332,10,0,-65,-61,-54,524930
"209",9,15,0,0,10,0,-65,-61,-54,524934
"210",9,15,3,0,10,0,-65,-61,-54,524934
"211",9,18,0,0,10,0,-65,-61,-54,524934
"212",9,18,3,0,10,0,-65,-61,-54,524934
"213",9,21,0,0,10,0,-65,-61,-54,524934
"214",9,21,3,0,10,0,-65,-61,-54,524934
"215",9,24,0,0,10,0,-65,-61,-54,524934
"216",9,24,3,0,10,0,-65,-61,-54,524934
"217",9,27,0,0,10,0,-65,-61,-54,524934
"218",9,27,3,0,10,0,-65,-61,-54,524934
"219",9,30,0,0,10,0,-65,-61,-54,524934
"220",9,30,3,0,10,0,-65,-61,-54,524934
"221",9,33,0,0,10,0,-65,-61,-54,524934
"222",9,33,3,0,10,0,-65,-61,-54,524934
"223",9,36,0,0,10,0,-65,-61,-54,524934
"224",9,36,3,0,10,0,-65,-61,-54,524934
"225",9,0,0,16.7332,10,0,-65,-61,-54,524934
"226",9,0,3,16.7332,10,0,-65,-61,-54,524934
"227",9,3,0,16.7332,10,0,-65,-61,-54,524934
"228",9,3,3,16.7332,10,0,-65,-61,-54,524934
"229",9,6,0,16.7332,10,0,-65,-61,-54,524934
"230",9,6,3,16.7332,10,0,-65,-61,-54,524934
"231",9,9,0,16.7332,10,0,-65,-61,-54,524934
"232",9,9,3,16.7332,10,0,-65,-61,-54,524934
"233",9,12,0,16.7332,10,0,-65,-61,-54,524934
"234",9,12,3,16.7332,10,0,-65,-61,-54,524934
"235",10,15,0,0,10,3,-65,-61,-54,524946
"236",10,15,3,0,10,3,-65,-61,-54,524946
"237",10,18,0,0,10,3,-65,-61,-54,524946
"238",10,18,3,0,10,3,-65,-61,-54,524946
"239",10,21,0,0,10,3,-65,-61,-54,524946
"240",10,21,3,0,10,3,-65,-61,-54,524946
"241",10,24,0,0,10,3,-65,-61,-54,524946
"242",10,24,3,0,10,3,-65,-61,-54,524946
"243",10,27,0,0,10,3,-65,-61,-54,524946
"244",10,27,3,0,10,3,-65,-61,-54,524946
"245",10,30,0,0,10,3,-65,-61,-54,524946
"246",10,30,3,0,10,3,-65,-61,-54,524946
"247",10,33,0,0,10,3,-65,-61,-54,524946
"248",10,33,3,0,10,3,-65,-61,-54,524946
"249",10,36,0,0,10,3,-65,-61,-54,524946
"250",10,36,3,0,10,3,-65,-61,-54,524946
"251",10,0,0,16.7332,10,3,-65,-61,-54,524946
"252",10,0,3,16.7332,10,3,-65,-61,-54,524946
"253",10,3,0,16.7332,10,3,-65,-61,-54,524946
"254",10,3,3,16.7332,10,3,-65,-61,-54,524946
"255",10,6,0,16.7332,10,3,-65,-61,-54,524946
"256",10,6,3,16.7332,10,3,-65,-61,-54,524946
"257",10,9,0,16.7332,10,3,-65,-61,-54,524946
"258",10,9,3,16.7332,10,3,-65,-61,-54,524946
"259",10,12,0,16.7332,10,3,-65,-61,-54,524946
"260",10,12,3,16.7332,10,3,-65,-61,-54,524946
"261",11,15,0,0,10,3,-65,-61,-54,524948
"262",11,15,3,0,10,3,-65,-61,-54,524948
"263",11,18,0,0,10,3,-65,-61,-54,524948
"264",11,18,3,0,10,3,-65,-61,-54,524948
"265",11,21,0,0,10,3,-65,-61,-54,524948
"266",11,21,3,0,10,3,-65,-61,-54,524948
"267",11,24,0,0,10,3,-65,-61,-54,524948
"268",11,24,3,0,10,3,-65,-61,-54,524948
"269",11,27,0,0,10,3,-65,-61,-54,524948
"270",11,27,3,0,10,3,-65,-61,-54,524948
"271",11,30,0,0,10,3,-65,-61,-54,524948
"272",11,30,3,0,10,3,-65,-61,-54,524948
"273",11,33,0,0,10,3,-65,-61,-54,524948
"274",11,33,3,0,10,3,-65,-61,-54,524948
"275",11,36,0,0,10,3,-65,-61,-54,524948
"276",11,36,3,0,10,3,-65,-61,-54,524948
"277",11,0,0,16.7332,10,3,-65,-61,-54,524948
"278",11,0,3,16.7332,10,3,-65,-61,-54,524948
"279",11,3,0,16.7332,10,3,-65,-61,-54,524948
"280",11,3,3,16.7332,10,3,-65,-61,-54,524948
"281",11,6,0,16.7332,10,3,-65,-61,-54,524948
"282",11,6,3,16.7332,10,3,-65,-61,-54,524948
"283",11,9,0,16.7332,10,3,-65,-61,-54,524948
"284",11,9,3,16.7332,10,3,-65,-61,-54,524948
"285",11,12,0,16.7332,10,3,-65,-61,-54,524948
"286",11,12,3,16.7332,10,3,-65,-61,-54,524948
"287",12,15,0,0,10,3,-65,-61,-54,524949
"288",12,15,3,0,10,3,-65,-61,-54,524949
"289",12,18,0,0,10,3,-65,-61,-54,524949
"290",12,18,3,0,10,3,-65,-61,-54,524949
"291",12,21,0,0,10,3,-65,-61,-54,524949
"292",12,21,3,0,10,3,-65,-61,-54,524949
"293",12,24,0,0,10,3,-65,-61,-54,524949
"294",12,24,3,0,10,3,-65,-61,-54,524949
"295",12,27,0,0,10,3,-65,-61,-54,524949
"296",12,27,3,0,10,3,-65,-61,-54,524949
"297",12,30,0,0,10,3,-65,-61,-54,524949
"298",12,30,3,0,10,3,-65,-61,-54,524949
"299",12,33,0,0,10,3,-65,-61,-54,524949
"300",12,33,3,0,10,3,-65,-61,-54,524949
"301",12,36,0,0,10,3,-65,-61,-54,524949
"302",12,36,3,0,10,3,-65,-61,-54,524949
"303",12,0,0,16.7332,10,3,-65,-61,-54,524949
"304",12,0,3,16.7332,10,3,-65,-61,-54,524949
"305",12,3,0,16.7332,10,3,-65,-61,-54,524949
"306",12,3,3,16.7332,10,3,-65,-61,-54,524949
"307",12,6,0,16.7332,10,3,-65,-61,-54,524949
"308",12,6,3,16.7332,10,3,-65,-61,-54,524949
"309",12,9,0,16.7332,10,3,-65,-61,-54,524949
"310",12,9,3,16.7332,10,3,-65,-61,-54,524949
"311",12,12,0,16.7332,10,3,-65,-61,-54,524949
"312",12,12,3,16.7332,10,3,-65,-61,-54,524949
"313",13,15,0,0,15,0,-65,-61,-54,524983
"314",13,15,3,0,15,0,-65,-61,-54,524983
"315",13,18,0,0,15,0,-65,-61,-54,524983
"316",13,18,3,0,15,0,-65,-61,-54,524983
"317",13,21,0,0,15,0,-65,-61,-54,524983
"318",13,21,3,0,15,0,-65,-61,-54,524983
"319",13,24,0,0,15,0,-65,-61,-54,524983
"320",13,24,3,0,15,0,-65,-61,-54,524983
"321",13,27,0,0,15,0,-65,-61,-54,524983
"322",13,27,3,0,15,0,-65,-61,-54,524983
"323",13,30,0,0,15,0,-65,-61,-54,524983
"324",13,30,3,0,15,0,-65,-61,-54,524983
"325",13,33,0,0,15,0,-65,-61,-54,524983
"326",13,33,3,0,15,0,-65,-61,-54,524983
"327",13,36,0,0,15,0,-65,-61,-54,524983
"328",13,36,3,0,15,0,-65,-61,-54,524983
"329",13,0,0,16.7332,15,0,-65,-61,-54,524983
"330",13,0,3,16.7332,15,0,-65,-61,-54,524983
"331",13,3,0,16.7332,15,0,-65,-61,-54,524983
"332",13,3,3,16.7332,15,0,-65,-61,-54,524983
"333",13,6,0,16.7332,15,0,-65,-61,-54,524983
"334",13,6,3,16.7332,15,0,-65,-61,-54,524983
"335",13,9,0,16.7332,15,0,-65,-61,-54,524983
"336",13,9,3,16.7332,15,0,-65,-61,-54,524983
"337",13,12,0,16.7332,15,0,-65,-61,-54,524983
"338",13,12,3,16.7332,15,0,-65,-61,-54,524983
"339",14,15,0,0,15,0,-65,-61,-54,524986
"340",14,15,3,0,15,0,-65,-61,-54,524986
"341",14,18,0,0,15,0,-65,-61,-54,524986
"342",14,18,3,0,15,0,-65,-61,-54,524986
"343",14,21,0,0,15,0,-65,-61,-54,524986
"344",14,21,3,0,15,0,-65,-61,-54,524986
"345",14,24,0,0,15,0,-65,-61,-54,524986
"346",14,24,3,0,15,0,-65,-61,-54,524986
"347",14,27,0,0,15,0,-65,-61,-54,524986
"348",14,27,3,0,15,0,-65,-61,-54,524986
"349",14,30,0,0,15,0,-65,-61,-54,524986
"350",14,30,3,0,15,0,-65,-61,-54,524986
"351",14,33,0,0,15,0,-65,-61,-54,524986
"352",14,33,3,0,15,0,-65,-61,-54,524986
"353",14,36,0,0,15,0,-65,-61,-54,524986
"354",14,36,3,0,15,0,-65,-61,-54,524986
"355",14,0,0,16.7332,15,0,-65,-61,-54,524986
"356",14,0,3,16.7332,15,0,-65,-61,-54,524986
"357",14,3,0,16.7332,15,0,-65,-61,-54,524986
"358",14,3,3,16.7332,15,0,-65,-61,-54,524986
"359",14,6,0,16.7332,15,0,-65,-61,-54,524986
"360",14,6,3,16.7332,15,0,-65,-61,-54,524986
"361",14,9,0,16.7332,15,0,-65,-61,-54,524986
"362",14,9,3,16.7332,15,0,-65,-61,-54,524986
"363",14,12,0,16.7332,15,0,-65,-61,-54,524986
"364",14,12,3,16.7332,15,0,-65,-61,-54,524986
"365",15,15,0,0,15,3,-65,-61,-54,524995
"366",15,15,3,0,15,3,-65,-61,-54,524995
"367",15,18,0,0,15,3,-65,-61,-54,524995
"368",15,18,3,0,15,3,-65,-61,-54,524995
"369",15,21,0,0,15,3,-65,-61,-54,524995
"370",15,21,3,0,15,3,-65,-61,-54,524995
"371",15,24,0,0,15,3,-65,-61,-54,524995
"372",15,24,3,0,15,3,-65,-61,-54,524995
"373",15,27,0,0,15,3,-65,-61,-54,524995
"374",15,27,3,0,15,3,-65,-61,-54,524995
"375",15,30,0,0,15,3,-65,-61,-54,524995
"376",15,30,3,0,15,3,-65,-61,-54,524995
"377",15,33,0,0,15,3,-65,-61,-54,524995
"378",15,33,3,0,15,3,-65,-61,-54,524995
"379",15,36,0,0,15,3,-65,-61,-54,524995
"380",15,36,3,0,15,3,-65,-61,-54,524995
"381",15,0,0,16.7332,15,3,-65,-61,-54,524995
"382",15,0,3,16.7332,15,3,-65,-61,-54,524995
"383",15,3,0,16.7332,15,3,-65,-61,-54,524995
"384",15,3,3,16.7332,15,3,-65,-61,-54,524995
"385",15,6,0,16.7332,15,3,-65,-61,-54,524995
"386",15,6,3,16.7332,15,3,-65,-61,-54,524995
"387",15,9,0,16.7332,15,3,-65,-61,-54,524995
"388",15,9,3,16.7332,15,3,-65,-61,-54,524995
"389",15,12,0,16.7332,15,3,-65,-61,-54,524995
"390",15,12,3,16.7332,15,3,-65,-61,-54,524995
"391",16,15,0,0,15,3,-65,-61,-54,524997
"392",16,15,3,0,15,3,-65,-61,-54,524997
"393",16,18,0,0,15,3,-65,-61,-54,524997
"394",16,18,3,0,15,3,-65,-61,-54,524997
"395",16,21,0,0,15,3,-65,-61,-54,524997
"396",16,21,3,0,15,3,-65,-61,-54,524997
"397",16,24,0,0,15,3,-65,-61,-54,524997
"398",16,24,3,0,15,3,-65,-61,-54,524997
"399",16,27,0,0,15,3,-65,-61,-54,524997
"400",16,27,3,0,15,3,-65,-61,-54,524997
"401",16,30,0,0,15,3,-65,-61,-54,524997
"402",16,30,3,0,15,3,-65,-61,-54,524997
"403",16,33,0,0,15,3,-65,-61,-54,524997
"404",16,33,3,0,15,3,-65,-61,-54,524997
"405",16,36,0,0,15,3,-65,-61,-54,524997
"406",16,36,3,0,15,3,-65,-61,-54,524997
"407",16,0,0,16.7332,15,3,-65,-61,-54,524997
"408",16,0,3,16.7332,15,3,-65,-61,-54,524997
"409",16,3,0,16.7332,15,3,-65,-61,-54,524997
"410",16,3,3,16.7332,15,3,-65,-61,-54,524997
"411",16,6,0,16.7332,15,3,-65,-61,-54,524997
"412",16,6,3,16.7332,15,3,-65,-61,-54,524997
"413",16,9,0,16.7332,15,3,-65,-61,-54,524997
"414",16,9,3,16.7332,15,3,-65,-61,-54,524997
"415",16,12,0,16.7332,15,3,-65,-61,-54,524997
"416",16,12,3,16.7332,15,3,-65,-61,-54,524997
"417",17,15,0,0,15,3,-65,-61,-54,525002
"418",17,15,3,0,15,3,-65,-61,-54,525002
"419",17,18,0,0,15,3,-65,-61,-54,525002
"420",17,18,3,0,15,3,-65,-61,-54,525002
"421",17,21,0,0,15,3,-65,-61,-54,525002
"422",17,21,3,0,15,3,-65,-61,-54,525002
"423",17,24,0,0,15,3,-65,-61,-54,525002
"424",17,24,3,0,15,3,-65,-61,-54,525002
"425",17,27,0,0,15,3,-65,-61,-54,525002
"426",17,27,3,0,15,3,-65,-61,-54,525002
"427",17,30,0,0,15,3,-65,-61,-54,525002
"428",17,30,3,0,15,3,-65,-61,-54,525002
"429",17,33,0,0,15,3,-65,-61,-54,525002
"430",17,33,3,0,15,3,-65,-61,-54,525002
"431",17,36,0,0,15,3,-65,-61,-54,525002
"432",17,36,3,0,15,3,-65,-61,-54,525002
"433",17,0,0,16.7332,15,3,-65,-61,-54,525002
"434",17,0,3,16.7332,15,3,-65,-61,-54,525002
"435",17,3,0,16.7332,15,3,-65,-61,-54,525002
"436",17,3,3,16.7332,15,3,-65,-61,-54,525002
"437",17,6,0,16.7332,15,3,-65,-61,-54,525002
"438",17,6,3,16.7332,15,3,-65,-61,-54,525002
"439",17,9,0,16.7332,15,3,-65,-61,-54,525002
"440",17,9,3,16.7332,15,3,-65,-61,-54,525002
"441",17,12,0,16.7332,15,3,-65,-61,-54,525002
"442",17,12,3,16.7332,15,3,-65,-61,-54,525002
"443",18,15,0,0,20,0,-65,-61,-54,525032
"444",18,15,3,0,20,0,-65,-61,-54,525032
"445",18,18,0,0,20,0,-65,-61,-54,525032
"446",18,18,3,0,20,0,-65,-61,-54,525032
"447",18,21,0,0,20,0,-65,-61,-54,525032
"448",18,21,3,0,20,0,-65,-61,-54,525032
"449",18,24,0,0,20,0,-65,-61,-54,525032
"450",18,24,3,0,20,0,-65,-61,-54,525032
"451",18,27,0,0,20,0,-65,-61,-54,525032
"452",18,27,3,0,20,0,-65,-61,-54,525032
"453",18,30,0,0,20,0,-65,-61,-54,525032
"454",18,30,3,0,20,0,-65,-61,-54,525032
"455",18,33,0,0,20,0,-65,-61,-54,525032
"456",18,33,3,0,20,0,-65,-61,-54,525032
"457",18,36,0,0,20,0,-65,-61,-54,525032
"458",18,36,3,0,20,0,-65,-61,-54,525032
"459",18,0,0,16.7332,20,0,-65,-61,-54,525032
"460",18,0,3,16.7332,20,0,-65,-61,-54,525032
"461",18,3,0,16.7332,20,0,-65,-61,-54,525032
"462",18,3,3,16.7332,20,0,-65,-61,-54,525032
"463",18,6,0,16.7332,20,0,-65,-61,-54,525032
"464",18,6,3,16.7332,20,0,-65,-61,-54,525032
"465",18,9,0,16.7332,20,0,-65,-61,-54,525032
"466",18,9,3,16.7332,20,0,-65,-61,-54,525032
"467",18,12,0,16.7332,20,0,-65,-61,-54,525032
"468",18,12,3,16.7332,20,0,-65,-61,-54,525032
"469",19,15,0,0,20,0,-65,-61,-54,525036
"470",19,15,3,0,20,0,-65,-61,-54,525036
"471",19,18,0,0,20,0,-65,-61,-54,525036
"472",19,18,3,0,20,0,-65,-61,-54,525036
"473",19,21,0,0,20,0,-65,-61,-54,525036
"474",19,21,3,0,20,0,-65,-61,-54,525036
"475",19,24,0,0,20,0,-65,-61,-54,525036
"476",19,24,3,0,20,0,-65,-61,-54,525036
"477",19,27,0,0,20,0,-65,-61,-54,525036
"478",19,27,3,0,20,0,-65,-61,-54,525036
"479",19,30,0,0,20,0,-65,-61,-54,525036
"480",19,30,3,0,20,0,-65,-61,-54,525036
"481",19,33,0,0,20,0,-65,-61,-54,525036
"482",19,33,3,0,20,0,-65,-61,-54,525036
"483",19,36,0,0,20,0,-65,-61,-54,525036
"484",19,36,3,0,20,0,-65,-61,-54,525036
"485",19,0,0,16.7332,20,0,-65,-61,-54,525036
"486",19,0,3,16.7332,20,0,-65,-61,-54,525036
"487",19,3,0,16.7332,20,0,-65,-61,-54,525036
"488",19,3,3,16.7332,20,0,-65,-61,-54,525036
"489",19,6,0,16.7332,20,0,-65,-61,-54,525036
"490",19,6,3,16.7332,20,0,-65,-61,-54,525036
"491",19,9,0,16.7332,20,0,-65,-61,-54,525036
"492",19,9,3,16.7332,20,0,-65,-61,-54,525036
"493",19,12,0,16.7332,20,0,-65,-61,-54,525036
"494",19,12,3,16.7332,20,0,-65,-61,-54,525036
"495",20,15,0,0,20,0,-65,-61,-54,525037
"496",20,15,3,0,20,0,-65,-61,-54,525037
"497",20,18,0,0,20,0,-65,-61,-54,525037
"498",20,18,3,0,20,0,-65,-61,-54,525037
"499",20,21,0,0,20,0,-65,-61,-54,525037
"500",20,21,3,0,20,0,-65,-61,-54,525037
"501",20,24,0,0,20,0,-65,-61,-54,525037
"502",20,24,3,0,20,0,-65,-61,-54,525037
"503",20,27,0,0,20,0,-65,-61,-54,525037
"504",20,27,3,0,20,0,-65,-61,-54,525037
"505",20,30,0,0,20,0,-65,-61,-54,525037
"506",20,30,3,0,20,0,-65,-61,-54,525037
"507",20,33,0,0,20,0,-65,-61,-54,525037
"508",20,33,3,0,20,0,-65,-61,-54,525037
"509",20,36,0,0,20,0,-65,-61,-54,525037
"510",20,36,3,0,20,0,-65,-61,-54,525037
"511",20,0,0,16.7332,20,0,-65,-61,-54,525037
"512",20,0,3,16.7332,20,0,-65,-61,-54,525037
"513",20,3,0,16.7332,20,0,-65,-61,-54,525037
"514",20,3,3,16.7332,20,0,-65,-61,-54,525037
"515",20,6,0,16.7332,20,0,-65,-61,-54,525037
"516",20,6,3,16.7332,20,0,-65,-61,-54,525037
"517",20,9,0,16.7332,20,0,-65,-61,-54,525037
"518",20,9,3,16.7332,20,0,-65,-61,-54,525037
"519",20,12,0,16.7332,20,0,-65,-61,-54,525037
"520",20,12,3,16.7332,20,0,-65,-61,-54,525037
"521",21,15,0,0,20,3,-65,-61,-54,525055
"522",21,15,3,0,20,3,-65,-61,-54,525055
"523",21,18,0,0,20,3,-65,-61,-54,525055
"524",21,18,3,0,20,3,-65,-61,-54,525055
"525",21,21,0,0,20,3,-65,-61,-54,525055
"526",21,21,3,0,20,3,-65,-61,-54,525055
"527",21,24,0,0,20,3,-65,-61,-54,525055
"528",21,24,3,0,20,3,-65,-61,-54,525055
"529",21,27,0,0,20,3,-65,-61,-54,525055
"530",21,27,3,0,20,3,-65,-61,-54,525055
"531",21,30,0,0,20,3,-65,-61,-54,525055
"532",21,30,3,0,20,3,-65,-61,-54,525055
"533",21,33,0,0,20,3,-65,-61,-54,525055
"534",21,33,3,0,20,3,-65,-61,-54,525055
"535",21,36,0,0,20,3,-65,-61,-54,525055
"536",21,36,3,0,20,3,-65,-61,-54,525055
"537",21,0,0,16.7332,20,3,-65,-61,-54,525055
"538",21,0,3,16.7332,20,3,-65,-61,-54,525055
"539",21,3,0,16.7332,20,3,-65,-61,-54,525055
"540",21,3,3,16.7332,20,3,-65,-61,-54,525055
"541",21,6,0,16.7332,20,3,-65,-61,-54,525055
"542",21,6,3,16.7332,20,3,-65,-61,-54,525055
"543",21,9,0,16.7332,20,3,-65,-61,-54,525055
"544",21,9,3,16.7332,20,3,-65,-61,-54,525055
"545",21,12,0,16.7332,20,3,-65,-61,-54,525055
"546",21,12,3,16.7332,20,3,-65,-61,-54,525055
"547",22,15,0,0,20,3,-65,-61,-54,525057
"548",22,15,3,0,20,3,-65,-61,-54,525057
"549",22,18,0,0,20,3,-65,-61,-54,525057
"550",22,18,3,0,20,3,-65,-61,-54,525057
"551",22,21,0,0,20,3,-65,-61,-54,525057
"552",22,21,3,0,20,3,-65,-61,-54,525057
"553",22,24,0,0,20,3,-65,-61,-54,525057
"554",22,24,3,0,20,3,-65,-61,-54,525057
"555",22,27,0,0,20,3,-65,-61,-54,525057
"556",22,27,3,0,20,3,-65,-61,-54,525057
"557",22,30,0,0,20,3,-65,-61,-54,525057
"558",22,30,3,0,20,3,-65,-61,-54,525057
"559",22,33,0,0,20,3,-65,-61,-54,525057
"560",22,33,3,0,20,3,-65,-61,-54,525057
"561",22,36,0,0,20,3,-65,-61,-54,525057
"562",22,36,3,0,20,3,-65,-61,-54,525057
"563",22,0,0,16.7332,20,3,-65,-61,-54,525057
"564",22,0,3,16.7332,20,3,-65,-61,-54,525057
"565",22,3,0,16.7332,20,3,-65,-61,-54,525057
"566",22,3,3,16.7332,20,3,-65,-61,-54,525057
"567",22,6,0,16.7332,20,3,-65,-61,-54,525057
"568",22,6,3,16.7332,20,3,-65,-61,-54,525057
"569",22,9,0,16.7332,20,3,-65,-61,-54,525057
"570",22,9,3,16.7332,20,3,-65,-61,-54,525057
"571",22,12,0,16.7332,20,3,-65,-61,-54,525057
"572",22,12,3,16.7332,20,3,-65,-61,-54,525057
"573",23,15,0,0,20,3,-65,-61,-54,525059
"574",23,15,3,0,20,3,-65,-61,-54,525059
"575",23,18,0,0,20,3,-65,-61,-54,525059
"576",23,18,3,0,20,3,-65,-61,-54,525059
"577",23,21,0,0,20,3,-65,-61,-54,525059
"578",23,21,3,0,20,3,-65,-61,-54,525059
"579",23,24,0,0,20,3,-65,-61,-54,525059
"580",23,24,3,0,20,3,-65,-61,-54,525059
"581",23,27,0,0,20,3,-65,-61,-54,525059
"582",23,27,3,0,20,3,-65,-61,-54,525059
"583",23,30,0,0,20,3,-65,-61,-54,525059
"584",23,30,3,0,20,3,-65,-61,-54,525059
"585",23,33,0,0,20,3,-65,-61,-54,525059
"586",23,33,3,0,20,3,-65,-61,-54,525059
"587",23,36,0,0,20,3,-65,-61,-54,525059
"588",23,36,3,0,20,3,-65,-61,-54,525059
"589",23,0,0,16.7332,20,3,-65,-61,-54,525059
"590",23,0,3,16.7332,20,3,-65,-61,-54,525059
"591",23,3,0,16.7332,20,3,-65,-61,-54,525059
"592",23,3,3,16.7332,20,3,-65,-61,-54,525059
"593",23,6,0,16.7332,20,3,-65,-61,-54,525059
"594",23,6,3,16.7332,20,3,-65,-61,-54,525059
"595",23,9,0,16.7332,20,3,-65,-61,-54,525059
"596",23,9,3,16.7332,20,3,-65,-61,-54,525059
"597",23,12,0,16.7332,20,3,-65,-61,-54,525059
"598",23,12,3,16.7332,20,3,-65,-61,-54,525059
"599",24,15,0,0,25,0,-65,-61,-54,525086
"600",24,15,3,0,25,0,-65,-61,-54,525086
"601",24,18,0,0,25,0,-65,-61,-54,525086
"602",24,18,3,0,25,0,-65,-61,-54,525086
"603",24,21,0,0,25,0,-65,-61,-54,525086
"604",24,21,3,0,25,0,-65,-61,-54,525086
"605",24,24,0,0,25,0,-65,-61,-54,525086
"606",24,24,3,0,25,0,-65,-61,-54,525086
"607",24,27,0,0,25,0,-65,-61,-54,525086
"608",24,27,3,0,25,0,-65,-61,-54,525086
"609",24,30,0,0,25,0,-65,-61,-54,525086
"610",24,30,3,0,25,0,-65,-61,-54,525086
"611",24,33,0,0,25,0,-65,-61,-54,525086
"612",24,33,3,0,25,0,-65,-61,-54,525086
"613",24,36,0,0,25,0,-65,-61,-54,525086
"614",24,36,3,0,25,0,-65,-61,-54,525086
"615",24,0,0,16.7332,25,0,-65,-61,-54,525086
"616",24,0,3,16.7332,25,0,-65,-61,-54,525086
"617",24,3,0,16.7332,25,0,-65,-61,-54,525086
"618",24,3,3,16.7332,25,0,-65,-61,-54,525086
"619",24,6,0,16.7332,25,0,-65,-61,-54,525086
"620",24,6,3,16.7332,25,0,-65,-61,-54,525086
"621",24,9,0,16.7332,25,0,-65,-61,-54,525086
"622",24,9,3,16.7332,25,0,-65,-61,-54,525086
"623",24,12,0,16.7332,25,0,-65,-61,-54,525086
"624",24,12,3,16.7332,25,0,-65,-61,-54,525086
"625",25,15,0,0,25,0,-65,-61,-54,525088
"626",25,15,3,0,25,0,-65,-61,-54,525088
"627",25,18,0,0,25,0,-65,-61,-54,525088
"628",25,18,3,0,25,0,-65,-61,-54,525088
"629",25,21,0,0,25,0,-65,-61,-54,525088
"630",25,21,3,0,25,0,-65,-61,-54,525088
"631",25,24,0,0,25,0,-65,-61,-54,525088
"632",25,24,3,0,25,0,-65,-61,-54,525088
"633",25,27,0,0,25,0,-65,-61,-54,525088
"634",25,27,3,0,25,0,-65,-61,-54,525088
"635",25,30,0,0,25,0,-65,-61,-54,525088
"636",25,30,3,0,25,0,-65,-61,-54,525088
"637",25,33,0,0,25,0,-65,-61,-54,525088
"638",25,33,3,0,25,0,-65,-61,-54,525088
"639",25,36,0,0,25,0,-65,-61,-54,525088
"640",25,36,3,0,25,0,-65,-61,-54,525088
"641",25,0,0,16.7332,25,0,-65,-61,-54,525088
"642",25,0,3,16.7332,25,0,-65,-61,-54,525088
"643",25,3,0,16.7332,25,0,-65,-61,-54,525088
"644",25,3,3,16.7332,25,0,-65,-61,-54,525088
"645",25,6,0,16.7332,25,0,-65,-61,-54,525088
"646",25,6,3,16.7332,25,0,-65,-61,-54,525088
"647",25,9,0,16.7332,25,0,-65,-61,-54,525088
"648",25,9,3,16.7332,25,0,-65,-61,-54,525088
"649",25,12,0,16.7332,25,0,-65,-61,-54,525088
"650",25,12,3,16.7332,25,0,-65,-61,-54,525088
"651",26,15,0,0,25,0,-65,-61,-54,525090
"652",26,15,3,0,25,0,-65,-61,-54,525090
"653",26,18,0,0,25,0,-65,-61,-54,525090
"654",26,18,3,0,25,0,-65,-61,-54,525090
"655",26,21,0,0,25,0,-65,-61,-54,525090
"656",26,21,3,0,25,0,-65,-61,-54,525090
"657",26,24,0,0,25,0,-65,-61,-54,525090
"658",26,24,3,0,25,0,-65,-61,-54,525090
"659",26,27,0,0,25,0,-65,-61,-54,525090
"660",26,27,3,0,25,0,-65,-61,-54,525090
"661",26,30,0,0,25,0,-65,-61,-54,525090
"662",26,30,3,0,25,0,-65,-61,-54,525090
"663",26,33,0,0,25,0,-65,-61,-54,525090
"664",26,33,3,0,25,0,-65,-61,-54,525090
"665",26,36,0,0,25,0,-65,-61,-54,525090
"666",26,36,3,0,25,0,-65,-61,-54,525090
"667",26,0,0,16.7332,25,0,-65,-61,-54,525090
"668",26,0,3,16.7332,25,0,-65,-61,-54,525090
"669",26,3,0,16.7332,25,0,-65,-61,-54,525090
"670",26,3,3,16.7332,25,0,-65,-61,-54,525090
"671",26,6,0,16.7332,25,0,-65,-61,-54,525090
"672",26,6,3,16.7332,25,0,-65,-61,-54,525090
"673",26,9,0,16.7332,25,0,-65,-61,-54,525090
"674",26,9,3,16.7332,25,0,-65,-61,-54,525090
"675",26,12,0,16.7332,25,0,-65,-61,-54,525090
"676",26,12,3,16.7332,25,0,-65,-61,-54,525090
"677",27,15,0,0,25,3,-65,-61,-54,525098
"678",27,15,3,0,25,3,-65,-61,-54,525098
"679",27,18,0,0,25,3,-65,-61,-54,525098
"680",27,18,3,0,25,3,-65,-61,-54,525098
"681",27,21,0,0,25,3,-65,-61,-54,525098
"682",27,21,3,0,25,3,-65,-61,-54,525098
"683",27,24,0,0,25,3,-65,-61,-54,525098
"684",27,24,3,0,25,3,-65,-61,-54,525098
"685",27,27,0,0,25,3,-65,-61,-54,525098
"686",27,27,3,0,25,3,-65,-61,-54,525098
"687",27,30,0,0,25,3,-65,-61,-54,525098
"688",27,30,3,0,25,3,-65,-61,-54,525098
"689",27,33,0,0,25,3,-65,-61,-54,525098
"690",27,33,3,0,25,3,-65,-61,-54,525098
"691",27,36,0,0,25,3,-65,-61,-54,525098
"692",27,36,3,0,25,3,-65,-61,-54,525098
"693",27,0,0,16.7332,25,3,-65,-61,-54,525098
"694",27,0,3,16.7332,25,3,-65,-61,-54,525098
"695",27,3,0,16.7332,25,3,-65,-61,-54,525098
"696",27,3,3,16.7332,25,3,-65,-61,-54,525098
"697",27,6,0,16.7332,25,3,-65,-61,-54,525098
"698",27,6,3,16.7332,25,3,-65,-61,-54,525098
"699",27,9,0,16.7332,25,3,-65,-61,-54,525098
"700",27,9,3,16.7332,25,3,-65,-61,-54,525098
"701",27,12,0,16.7332,25,3,-65,-61,-54,525098
"702",27,12,3,16.7332,25,3,-65,-61,-54,525098
"703",28,15,0,0,25,3,-65,-61,-54,525100
"704",28,15,3,0,25,3,-65,-61,-54,525100
"705",28,18,0,0,25,3,-65,-61,-54,525100
"706",28,18,3,0,25,3,-65,-61,-54,525100
"707",28,21,0,0,25,3,-65,-61,-54,525100
"708",28,21,3,0,25,3,-65,-61,-54,525100
"709",28,24,0,0,25,3,-65,-61,-54,525100
"710",28,24,3,0,25,3,-65,-61,-54,525100
"711",28,27,0,0,25,3,-65,-61,-54,525100
"712",28,27,3,0,25,3,-65,-61,-54,525100
"713",28,30,0,0,25,3,-65,-61,-54,525100
"714",28,30,3,0,25,3,-65,-61,-54,525100
"715",28,33,0,0,25,3,-65,-61,-54,525100
"716",28,33,3,0,25,3,-65,-61,-54,525100
"717",28,36,0,0,25,3,-65,-61,-54,525100
"718",28,36,3,0,25,3,-65,-61,-54,525100
"719",28,0,0,16.7332,25,3,-65,-61,-54,525100
"720",28,0,3,16.7332,25,3,-65,-61,-54,525100
"721",28,3,0,16.7332,25,3,-65,-61,-54,525100
"722",28,3,3,16.7332,25,3,-65,-61,-54,525100
"723",28,6,0,16.7332,25,3,-65,-61,-54,525100
"724",28,6,3,16.7332,25,3,-65,-61,-54,525100
"725",28,9,0,16.7332,25,3,-65,-61,-54,525100
"726",28,9,3,16.7332,25,3,-65,-61,-54,525100
"727",28,12,0,16.7332,25,3,-65,-61,-54,525100
"728",28,12,3,16.7332,25,3,-65,-61,-54,525100
"729",29,15,0,0,25,3,-65,-61,-54,525101
"730",29,15,3,0,25,3,-65,-61,-54,525101
"731",29,18,0,0,25,3,-65,-61,-54,525101
"732",29,18,3,0,25,3,-65,-61,-54,525101
"733",29,21,0,0,25,3,-65,-61,-54,525101
"734",29,21,3,0,25,3,-65,-61,-54,525101
"735",29,24,0,0,25,3,-65,-61,-54,525101
"736",29,24,3,0,25,3,-65,-61,-54,525101
"737",29,27,0,0,25,3,-65,-61,-54,525101
"738",29,27,3,0,25,3,-65,-61,-54,525101
"739",29,30,0,0,25,3,-65,-61,-54,525101
"740",29,30,3,0,25,3,-65,-61,-54,525101
"741",29,33,0,0,25,3,-65,-61,-54,525101
"742",29,33,3,0,25,3,-65,-61,-54,525101
"743",29,36,0,0,25,3,-65,-61,-54,525101
"744",29,36,3,0,25,3,-65,-61,-54,525101
"745",29,0,0,16.7332,25,3,-65,-61,-54,525101
"746",29,0,3,16.7332,25,3,-65,-61,-54,525101
"747",29,3,0,16.7332,25,3,-65,-61,-54,525101
"748",29,3,3,16.7332,25,3,-65,-61,-54,525101
"749",29,6,0,16.7332,25,3,-65,-61,-54,525101
"750",29,6,3,16.7332,25,3,-65,-61,-54,525101
"751",29,9,0,16.7332,25,3,-65,-61,-54,525101
"752",29,9,3,16.7332,25,3,-65,-61,-54,525101
"753",29,12,0,16.7332,25,3,-65,-61,-54,525101
"754",29,12,3,16.7332,25,3,-65,-61,-54,525101
"755",30,15,0,0,30,0,-65,-61,-54,525133
"756",30,15,3,0,30,0,-65,-61,-54,525133
"757",30,18,0,0,30,0,-65,-61,-54,525133
"758",30,18,3,0,30,0,-65,-61,-54,525133
"759",30,21,0,0,30,0,-65,-61,-54,525133
"760",30,21,3,0,30,0,-65,-61,-54,525133
"761",30,24,0,0,30,0,-65,-61,-54,525133
"762",30,24,3,0,30,0,-65,-61,-54,525133
"763",30,27,0,0,30,0,-65,-61,-54,525133
"764",30,27,3,0,30,0,-65,-61,-54,525133
"765",30,30,0,0,30,0,-65,-61,-54,525133
"766",30,30,3,0,30,0,-65,-61,-54,525133
"767",30,33,0,0,30,0,-65,-61,-54,525133
"768",30,33,3,0,30,0,-65,-61,-54,525133
"769",30,36,0,0,30,0,-65,-61,-54,525133
"770",30,36,3,0,30,0,-65,-61,-54,525133
"771",30,0,0,16.7332,30,0,-65,-61,-54,525133
"772",30,0,3,16.7332,30,0,-65,-61,-54,525133
"773",30,3,0,16.7332,30,0,-65,-61,-54,525133
"774",30,3,3,16.7332,30,0,-65,-61,-54,525133
"775",30,6,0,16.7332,30,0,-65,-61,-54,525133
"776",30,6,3,16.7332,30,0,-65,-61,-54,525133
"777",30,9,0,16.7332,30,0,-65,-61,-54,525133
"778",30,9,3,16.7332,30,0,-65,-61,-54,525133
"779",30,12,0,16.7332,30,0,-65,-61,-54,525133
"780",30,12,3,16.7332,30,0,-65,-61,-54,525133
"781",31,15,0,0,30,0,-65,-61,-54,525135
"782",31,15,3,0,30,0,-65,-61,-54,525135
"783",31,18,0,0,30,0,-65,-61,-54,525135
"784",31,18,3,0,30,0,-65,-61,-54,525135
"785",31,21,0,0,30,0,-65,-61,-54,525135
"786",31,21,3,0,30,0,-65,-61,-54,525135
"787",31,24,0,0,30,0,-65,-61,-54,525135
"788",31,24,3,0,30,0,-65,-61,-54,525135
"789",31,27,0,0,30,0,-65,-61,-54,525135
"790",31,27,3,0,30,0,-65,-61,-54,525135
"791",31,30,0,0,30,0,-65,-61,-54,525135
"792",31,30,3,0,30,0,-65,-61,-54,525135
"793",31,33,0,0,30,0,-65,-61,-54,525135
"794",31,33,3,0,30,0,-65,-61,-54,525135
"795",31,36,0,0,30,0,-65,-61,-54,525135
"796",31,36,3,0,30,0,-65,-61,-54,525135
"797",31,0,0,16.7332,30,0,-65,-61,-54,525135
"798",31,0,3,16.7332,30,0,-65,-61,-54,525135
"799",31,3,0,16.7332,30,0,-65,-61,-54,525135
"800",31,3,3,16.7332,30,0,-65,-61,-54,525135
"801",31,6,0,16.7332,30,0,-65,-61,-54,525135
"802",31,6,3,16.7332,30,0,-65,-61,-54,525135
"803",31,9,0,16.7332,30,0,-65,-61,-54,525135
"804",31,9,3,16.7332,30,0,-65,-61,-54,525135
"805",31,12,0,16.7332,30,0,-65,-61,-54,525135
"806",31,12,3,16.7332,30,0,-65,-61,-54,525135
"807",32,15,0,0,30,0,-65,-61,-54,525137
"808",32,15,3,0,30,0,-65,-61,-54,525137
"809",32,18,0,0,30,0,-65,-61,-54,525137
"810",32,18,3,0,30,0,-65,-61,-54,525137
"811",32,21,0,0,30,0,-65,-61,-54,525137
"812",32,21,3,0,30,0,-65,-61,-54,525137
"813",32,24,0,0,30,0,-65,-61,-54,525137
"814",32,24,3,0,30,0,-65,-61,-54,525137
"815",32,27,0,0,30,0,-65,-61,-54,525137
"816",32,27,3,0,30,0,-65,-61,-54,525137
"817",32,30,0,0,30,0,-65,-61,-54,525137
"818",32,30,3,0,30,0,-65,-61,-54,525137
"819",32,33,0,0,30,0,-65,-61,-54,525137
"820",32,33,3,0,30,0,-65,-61,-54,525137
"821",32,36,0,0,30,0,-65,-61,-54,525137
"822",32,36,3,0,30,0,-65,-61,-54,525137
"823",32,0,0,16.7332,30,0,-65,-61,-54,525137
"824",32,0,3,16.7332,30,0,-65,-61,-54,525137
"825",32,3,0,16.7332,30,0,-65,-61,-54,525137
"826",32,3,3,16.7332,30,0,-65,-61,-54,525137
"827",32,6,0,16.7332,30,0,-65,-61,-54,525137
"828",32,6,3,16.7332,30,0,-65,-61,-54,525137
"829",32,9,0,16.7332,30,0,-65,-61,-54,525137
"830",32,9,3,16.7332,30,0,-65,-61,-54,525137
"831",32,12,0,16.7332,30,0,-65,-61,-54,525137
"832",32,12,3,16.7332,30,0,-65,-61,-54,525137
"833",33,15,0,0,30,3,-65,-61,-54,525145
"834",33,15,3,0,30,3,-65,-61,-54,525145
"835",33,18,0,0,30,3,-65,-61,-54,525145
"836",33,18,3,0,30,3,-65,-61,-54,525145
"837",33,21,0,0,30,3,-65,-61,-54,525145
"838",33,21,3,0,30,3,-65,-61,-54,525145
"839",33,24,0,0,30,3,-65,-61,-54,525145
"840",33,24,3,0,30,3,-65,-61,-54,525145
"841",33,27,0,0,30,3,-65,-61,-54,525145
"842",33,27,3,0,30,3,-65,-61,-54,525145
"843",33,30,0,0,30,3,-65,-61,-54,525145
"844",33,30,3,0,30,3,-65,-61,-54,525145
"845",33,33,0,0,30,3,-65,-61,-54,525145
"846",33,33,3,0,30,3,-65,-61,-54,525145
"847",33,36,0,0,30,3,-65,-61,-54,525145
"848",33,36,3,0,30,3,-65,-61,-54,525145
"849",33,0,0,16.7332,30,3,-65,-61,-54,525145
"850",33,0,3,16.7332,30,3,-65,-61,-54,525145
"851",33,3,0,16.7332,30,3,-65,-61,-54,525145
"852",33,3,3,16.7332,30,3,-65,-61,-54,525145
"853",33,6,0,16.7332,30,3,-65,-61,-54,525145
"854",33,6,3,16.7332,30,3,-65,-61,-54,525145
"855",33,9,0,16.7332,30,3,-65,-61,-54,525145
"856",33,9,3,16.7332,30,3,-65,-61,-54,525145
"857",33,12,0,16.7332,30,3,-65,-61,-54,525145
"858",33,12,3,16.7332,30,3,-65,-61,-54,525145
"859",34,15,0,0,30,3,-65,-61,-54,525148
"860",34,15,3,0,30,3,-65,-61,-54,525148
"861",34,18,0,0,30,3,-65,-61,-54,525148
"862",34,18,3,0,30,3,-65,-61,-54,525148
"863",34,21,0,0,30,3,-65,-61,-54,525148
"864",34,21,3,0,30,3,-65,-61,-54,525148
"865",34,24,0,0,30,3,-65,-61,-54,525148
"866",34,24,3,0,30,3,-65,-61,-54,525148
"867",34,27,0,0,30,3,-65,-61,-54,525148
"868",34,27,3,0,30,3,-65,-61,-54,525148
"869",34,30,0,0,30,3,-65,-61,-54,525148
"870",34,30,3,0,30,3,-65,-61,-54,525148
"871",34,33,0,0,30,3,-65,-61,-54,525148
"872",34,33,3,0,30,3,-65,-61,-54,525148
"873",34,36,0,0,30,3,-65,-61,-54,525148
"874",34,36,3,0,30,3,-65,-61,-54,525148
"875",34,0,0,16.7332,30,3,-65,-61,-54,525148
"876",34,0,3,16.7332,30,3,-65,-61,-54,525148
"877",34,3,0,16.7332,30,3,-65,-61,-54,525148
"878",34,3,3,16.7332,30,3,-65,-61,-54,525148
"879",34,6,0,16.7332,30,3,-65,-61,-54,525148
"880",34,6,3,16.7332,30,3,-65,-61,-54,525148
"881",34,9,0,16.7332,30,3,-65,-61,-54,525148
"882",34,9,3,16.7332,30,3,-65,-61,-54,525148
"883",34,12,0,16.7332,30,3,-65,-61,-54,525148
"884",34,12,3,16.7332,30,3,-65,-61,-54,525148
"885",35,15,0,0,30,3,-65,-61,-54,525150
"886",35,15,3,0,30,3,-65,-61,-54,525150
"887",35,18,0,0,30,3,-65,-61,-54,525150
"888",35,18,3,0,30,3,-65,-61,-54,525150
"889",35,21,0,0,30,3,-65,-61,-54,525150
"890",35,21,3,0,30,3,-65,-61,-54,525150
"891",35,24,0,0,30,3,-65,-61,-54,525150
"892",35,24,3,0,30,3,-65,-61,-54,525150
"893",35,27,0,0,30,3,-65,-61,-54,525150
"894",35,27,3,0,30,3,-65,-61,-54,525150
"895",35,30,0,0,30,3,-65,-61,-54,525150
"896",35,30,3,0,30,3,-65,-61,-54,525150
"897",35,33,0,0,30,3,-65,-61,-54,525150
"898",35,33,3,0,30,3,-65,-61,-54,525150
"899",35,36,0,0,30,3,-65,-61,-54,525150
"900",35,36,3,0,30,3,-65,-61,-54,525150
"901",35,0,0,16.7332,30,3,-65,-61,-54,525150
"902",35,0,3,16.7332,30,3,-65,-61,-54,525150
"903",35,3,0,16.7332,30,3,-65,-61,-54,525150
"904",35,3,3,16.7332,30,3,-65,-61,-54,525150
"905",35,6,0,16.7332,30,3,-65,-61,-54,525150
"906",35,6,3,16.7332,30,3,-65,-61,-54,525150
"907",35,9,0,16.7332,30,3,-65,-61,-54,525150
"908",35,9,3,16.7332,30,3,-65,-61,-54,525150
"909",35,12,0,16.7332,30,3,-65,-61,-54,525150
"910",35,12,3,16.7332,30,3,-65,-61,-54,525150
"911",36,15,0,0,36,1,-65,-61,-54,525192
"912",36,15,3,0,36,1,-65,-61,-54,525192
"913",36,18,0,0,36,1,-65,-61,-54,525192
"914",36,18,3,0,36,1,-65,-61,-54,525192
"915",36,21,0,0,36,1,-65,-61,-54,525192
"916",36,21,3,0,36,1,-65,-61,-54,525192
"917",36,24,0,0,36,1,-65,-61,-54,525192
"918",36,24,3,0,36,1,-65,-61,-54,525192
"919",36,27,0,0,36,1,-65,-61,-54,525192
"920",36,27,3,0,36,1,-65,-61,-54,525192
"921",36,30,0,0,36,1,-65,-61,-54,525192
"922",36,30,3,0,36,1,-65,-61,-54,525192
"923",36,33,0,0,36,1,-65,-61,-54,525192
"924",36,33,3,0,36,1,-65,-61,-54,525192
"925",36,36,0,0,36,1,-65,-61,-54,525192
"926",36,36,3,0,36,1,-65,-61,-54,525192
"927",36,0,0,16.7332,36,1,-65,-61,-54,525192
"928",36,0,3,16.7332,36,1,-65,-61,-54,525192
"929",36,3,0,16.7332,36,1,-65,-61,-54,525192
"930",36,3,3,16.7332,36,1,-65,-61,-54,525192
"931",36,6,0,16.7332,36,1,-65,-61,-54,525192
"932",36,6,3,16.7332,36,1,-65,-61,-54,525192
"933",36,9,0,16.7332,36,1,-65,-61,-54,525192
"934",36,9,3,16.7332,36,1,-65,-61,-54,525192
"935",36,12,0,16.7332,36,1,-65,-61,-54,525192
"936",36,12,3,16.7332,36,1,-65,-61,-54,525192
"937",37,15,0,0,36,1,-65,-61,-54,525194
"938",37,15,3,0,36,1,-65,-61,-54,525194
"939",37,18,0,0,36,1,-65,-61,-54,525194
"940",37,18,3,0,36,1,-65,-61,-54,525194
"941",37,21,0,0,36,1,-65,-61,-54,525194
"942",37,21,3,0,36,1,-65,-61,-54,525194
"943",37,24,0,0,36,1,-65,-61,-54,525194
"944",37,24,3,0,36,1,-65,-61,-54,525194
"945",37,27,0,0,36,1,-65,-61,-54,525194
"946",37,27,3,0,36,1,-65,-61,-54,525194
"947",37,30,0,0,36,1,-65,-61,-54,525194
"948",37,30,3,0,36,1,-65,-61,-54,525194
"949",37,33,0,0,36,1,-65,-61,-54,525194
"950",37,33,3,0,36,1,-65,-61,-54,525194
"951",37,36,0,0,36,1,-65,-61,-54,525194
"952",37,36,3,0,36,1,-65,-61,-54,525194
"953",37,0,0,16.7332,36,1,-65,-61,-54,525194
"954",37,0,3,16.7332,36,1,-65,-61,-54,525194
"955",37,3,0,16.7332,36,1,-65,-61,-54,525194
"956",37,3,3,16.7332,36,1,-65,-61,-54,525194
"957",37,6,0,16.7332,36,1,-65,-61,-54,525194
"958",37,6,3,16.7332,36,1,-65,-61,-54,525194
"959",37,9,0,16.7332,36,1,-65,-61,-54,525194
"960",37,9,3,16.7332,36,1,-65,-61,-54,525194
"961",37,12,0,16.7332,36,1,-65,-61,-54,525194
"962",37,12,3,16.7332,36,1,-65,-61,-54,525194
"963",38,15,0,0,36,1,-65,-61,-54,525196
"964",38,15,3,0,36,1,-65,-61,-54,525196
"965",38,18,0,0,36,1,-65,-61,-54,525196
"966",38,18,3,0,36,1,-65,-61,-54,525196
"967",38,21,0,0,36,1,-65,-61,-54,525196
"968",38,21,3,0,36,1,-65,-61,-54,525196
"969",38,24,0,0,36,1,-65,-61,-54,525196
"970",38,24,3,0,36,1,-65,-61,-54,525196
"971",38,27,0,0,36,1,-65,-61,-54,525196
"972",38,27,3,0,36,1,-65,-61,-54,525196
"973",38,30,0,0,36,1,-65,-61,-54,525196
"974",38,30,3,0,36,1,-65,-61,-54,525196
"975",38,33,0,0,36,1,-65,-61,-54,525196
"976",38,33,3,0,36,1,-65,-61,-54,525196
"977",38,36,0,0,36,1,-65,-61,-54,525196
"978",38,36,3,0,36,1,-65,-61,-54,525196
"979",38,0,0,16.7332,36,1,-65,-61,-54,525196
"980",38,0,3,16.7332,36,1,-65,-61,-54,525196
"981",38,3,0,16.7332,36,1,-65,-61,-54,525196
"982",38,3,3,16.7332,36,1,-65,-61,-54,525196
"983",38,6,0,16.7332,36,1,-65,-61,-54,525196
"984",38,6,3,16.7332,36,1,-65,-61,-54,525196
"985",38,9,0,16.7332,36,1,-65,-61,-54,525196
"986",38,9,3,16.7332,36,1,-65,-61,-54,525196
"987",38,12,0,16.7332,36,1,-65,-61,-54,525196
"988",38,12,3,16.7332,36,1,-65,-61,-54,525196
"989",39,15,0,0,36,1,-65,-61,-54,525198
"990",39,15,3,0,36,1,-65,-61,-54,525198
"991",39,18,0,0,36,1,-65,-61,-54,525198
"992",39,18,3,0,36,1,-65,-61,-54,525198
"993",39,21,0,0,36,1,-65,-61,-54,525198
"994",39,21,3,0,36,1,-65,-61,-54,525198
"995",39,24,0,0,36,1,-65,-61,-54,525198
"996",39,24,3,0,36,1,-65,-61,-54,525198
"997",39,27,0,0,36,1,-65,-61,-54,525198
"998",39,27,3,0,36,1,-65,-61,-54,525198
"999",39,30,0,0,36,1,-65,-61,-54,525198
"1000",39,30,3,0,36,1,-65,-61,-54,525198
"1001",39,33,0,0,36,1,-65,-61,-54,525198
"1002",39,33,3,0,36,1,-65,-61,-54,525198
"1003",39,36,0,0,36,1,-65,-61,-54,525198
"1004",39,36,3,0,36,1,-65,-61,-54,525198
"1005",39,0,0,16.7332,36,1,-65,-61,-54,525198
"1006",39,0,3,16.7332,36,1,-65,-61,-54,525198
"1007",39,3,0,16.7332,36,1,-65,-61,-54,525198
"1008",39,3,3,16.7332,36,1,-65,-61,-54,525198
"1009",39,6,0,16.7332,36,1,-65,-61,-54,525198
"1010",39,6,3,16.7332,36,1,-65,-61,-54,525198
"1011",39,9,0,16.7332,36,1,-65,-61,-54,525198
"1012",39,9,3,16.7332,36,1,-65,-61,-54,525198
"1013",39,12,0,16.7332,36,1,-65,-61,-54,525198
"1014",39,12,3,16.7332,36,1,-65,-61,-54,525198
"1015",40,15,0,0,35,0,-65,-61,-54,525211
"1016",40,15,3,0,35,0,-65,-61,-54,525211
"1017",40,18,0,0,35,0,-65,-61,-54,525211
"1018",40,18,3,0,35,0,-65,-61,-54,525211
"1019",40,21,0,0,35,0,-65,-61,-54,525211
"1020",40,21,3,0,35,0,-65,-61,-54,525211
"1021",40,24,0,0,35,0,-65,-61,-54,525211
"1022",40,24,3,0,35,0,-65,-61,-54,525211
"1023",40,27,0,0,35,0,-65,-61,-54,525211
"1024",40,27,3,0,35,0,-65,-61,-54,525211
"1025",40,30,0,0,35,0,-65,-61,-54,525211
"1026",40,30,3,0,35,0,-65,-61,-54,525211
"1027",40,33,0,0,35,0,-65,-61,-54,525211
"1028",40,33,3,0,35,0,-65,-61,-54,525211
"1029",40,36,0,0,35,0,-65,-61,-54,525211
"1030",40,36,3,0,35,0,-65,-61,-54,525211
"1031",40,0,0,16.7332,35,0,-65,-61,-54,525211
"1032",40,0,3,16.7332,35,0,-65,-61,-54,525211
"1033",40,3,0,16.7332,35,0,-65,-61,-54,525211
"1034",40,3,3,16.7332,35,0,-65,-61,-54,525211
"1035",40,6,0,16.7332,35,0,-65,-61,-54,525211
"1036",40,6,3,16.7332,35,0,-65,-61,-54,525211
"1037",40,9,0,16.7332,35,0,-65,-61,-54,525211
"1038",40,9,3,16.7332,35,0,-65,-61,-54,525211
"1039",40,12,0,16.7332,35,0,-65,-61,-54,525211
"1040",40,12,3,16.7332,35,0,-65,-61,-54,525211
"1041",41,15,0,0,35,0,-65,-61,-54,525212
"1042",41,15,3,0,35,0,-65,-61,-54,525212
"1043",41,18,0,0,35,0,-65,-61,-54,525212
"1044",41,18,3,0,35,0,-65,-61,-54,525212
"1045",41,21,0,0,35,0,-65,-61,-54,525212
"1046",41,21,3,0,35,0,-65,-61,-54,525212
"1047",41,24,0,0,35,0,-65,-61,-54,525212
"1048",41,24,3,0,35,0,-65,-61,-54,525212
"1049",41,27,0,0,35,0,-65,-61,-54,525212
"1050",41,27,3,0,35,0,-65,-61,-54,525212
"1051",41,30,0,0,35,0,-65,-61,-54,525212
"1052",41,30,3,0,35,0,-65,-61,-54,525212
"1053",41,33,0,0,35,0,-65,-61,-54,525212
"1054",41,33,3,0,35,0,-65,-61,-54,525212
"1055",41,36,0,0,35,0,-65,-61,-54,525212
"1056",41,36,3,0,35,0,-65,-61,-54,525212
"1057",41,0,0,16.7332,35,0,-65,-61,-54,525212
"1058",41,0,3,16.7332,35,0,-65,-61,-54,525212
"1059",41,3,0,16.7332,35,0,-65,-61,-54,525212
"1060",41,3,3,16.7332,35,0,-65,-61,-54,525212
"1061",41,6,0,16.7332,35,0,-65,-61,-54,525212
"1062",41,6,3,16.7332,35,0,-65,-61,-54,525212
"1063",41,9,0,16.7332,35,0,-65,-61,-54,525212
"1064",41,9,3,16.7332,35,0,-65,-61,-54,525212
"1065",41,12,0,16.7332,35,0,-65,-61,-54,525212
"1066",41,12,3,16.7332,35,0,-65,-61,-54,525212
"1067",42,15,0,0,35,3,-65,-61,-54,525224
"1068",42,15,3,0,35,3,-65,-61,-54,525224
"1069",42,18,0,0,35,3,-65,-61,-54,525224
"1070",42,18,3,0,35,3,-65,-61,-54,525224
"1071",42,21,0,0,35,3,-65,-61,-54,525224
"1072",42,21,3,0,35,3,-65,-61,-54,525224
"1073",42,24,0,0,35,3,-65,-61,-54,525224
"1074",42,24,3,0,35,3,-65,-61,-54,525224
"1075",42,27,0,0,35,3,-65,-61,-54,525224
"1076",42,27,3,0,35,3,-65,-61,-54,525224
"1077",42,30,0,0,35,3,-65,-61,-54,525224
"1078",42,30,3,0,35,3,-65,-61,-54,525224
"1079",42,33,0,0,35,3,-65,-61,-54,525224
"1080",42,33,3,0,35,3,-65,-61,-54,525224
"1081",42,36,0,0,35,3,-65,-61,-54,525224
"1082",42,36,3,0,35,3,-65,-61,-54,525224
"1083",42,0,0,16.7332,35,3,-65,-61,-54,525224
"1084",42,0,3,16.7332,35,3,-65,-61,-54,525224
"1085",42,3,0,16.7332,35,3,-65,-61,-54,525224
"1086",42,3,3,16.7332,35,3,-65,-61,-54,525224
"1087",42,6,0,16.7332,35,3,-65,-61,-54,525224
"1088",42,6,3,16.7332,35,3,-65,-61,-54,525224
"1089",42,9,0,16.7332,35,3,-65,-61,-54,525224
"1090",42,9,3,16.7332,35,3,-65,-61,-54,525224
"1091",42,12,0,16.7332,35,3,-65,-61,-54,525224
"1092",42,12,3,16.7332,35,3,-65,-61,-54,525224
"1093",43,15,0,0,35,3,-65,-61,-54,525226
"1094",43,15,3,0,35,3,-65,-61,-54,525226
"1095",43,18,0,0,35,3,-65,-61,-54,525226
"1096",43,18,3,0,35,3,-65,-61,-54,525226
"1097",43,21,0,0,35,3,-65,-61,-54,525226
"1098",43,21,3,0,35,3,-65,-61,-54,525226
"1099",43,24,0,0,35,3,-65,-61,-54,525226
"1100",43,24,3,0,35,3,-65,-61,-54,525226
"1101",43,27,0,0,35,3,-65,-61,-54,525226
"1102",43,27,3,0,35,3,-65,-61,-54,525226
"1103",43,30,0,0,35,3,-65,-61,-54,525226
"1104",43,30,3,0,35,3,-65,-61,-54,525226
"1105",43,33,0,0,35,3,-65,-61,-54,525226
"1106",43,33,3,0,35,3,-65,-61,-54,525226
"1107",43,36,0,0,35,3,-65,-61,-54,525226
"1108",43,36,3,0,35,3,-65,-61,-54,525226
"1109",43,0,0,16.7332,35,3,-65,-61,-54,525226
"1110",43,0,3,16.7332,35,3,-65,-61,-54,525226
"1111",43,3,0,16.7332,35,3,-65,-61,-54,525226
"1112",43,3,3,16.7332,35,3,-65,-61,-54,525226
"1113",43,6,0,16.7332,35,3,-65,-61,-54,525226
"1114",43,6,3,16.7332,35,3,-65,-61,-54,525226
"1115",43,9,0,16.7332,35,3,-65,-61,-54,525226
"1116",43,9,3,16.7332,35,3,-65,-61,-54,525226
"1117",43,12,0,16.7332,35,3,-65,-61,-54,525226
"1118",43,12,3,16.7332,35,3,-65,-61,-54,525226
